eids,enames,gender
1,Gare,Male
2,Petronilla,Female
3,Dewey,Male
4,Noni,Female
5,Marten,Male
6,Adolph,Male
7,Anabella,Female
8,Nick,Male
9,Pierce,Male
10,Marie,Female
11,Noni,Female
12,Will,Male
13,Leonanie,Female
14,Maryann,Female
15,Madeline,Female
16,Jedidiah,Male
17,Frederico,Male
18,Obed,Male
19,Dorthy,Female
20,Arlin,Male
21,Loralie,Female
22,Bartolomeo,Male
23,Pen,Female
24,Evvie,Polygender
25,Alejoa,Male
26,Fenelia,Female
27,Auguste,Female
28,Charis,Female
29,Jobie,Female
30,Bryn,Female
31,Shurwood,Male
32,Hartley,Male
33,Viviene,Female
34,Burnard,Male
35,Standford,Male
36,Alexandr,Male
37,Laurene,Female
38,Chandler,Male
39,Lindie,Female
40,Doug,Male
41,Bobbe,Female
42,Patrizio,Male
43,Ario,Male
44,Caty,Female
45,Jeffie,Male
46,Quentin,Female
47,Cody,Female
48,Agathe,Female
49,Pennie,Female
50,Axe,Male
