USER ID,USERNAME,GENDER
1,Felipe,Male
2,Clerc,Male
5,Jody,Male
9,Griz,Male
10,Nil,Male
11,Abbott,Male
12,Wyatt,Male
14,Tan,Male
15,Skipton,Male
17,Case,Male
20,Abba,Male
21,Nathanial,Male
22,Humfrey,Male
23,Kent,Male
24,Ferrell,Male
29,Davide,Male
31,Regan,Male
32,Arch,Male
35,Pace,Male
36,Roy,Male
37,Miner,Male
41,Nicky,Male
46,Orson,Male
48,Erie,Male
49,Ezekiel,Male
52,Carr,Male
54,Marlowe,Male
57,Aleksandr,Male
59,Falkner,Male
61,Doy,Male
63,Jourdain,Male
65,Brewer,Male
68,Tristan,Male
77,Rodger,Male
81,Juan,Male
84,Teddy,Male
86,Fidelio,Male
87,Teodor,Male
88,Pat,Male
93,Dillon,Male
96,Maxie,Male
98,Brucie,Male
