uid,uname,gender
1,Felipe,Male
2,Clerc,Male
3,Cathie,Female
4,Lyssa,Polygender
5,Jody,Male
6,Gaylene,Female
7,Rowe,Female
8,Mathilde,Female
9,Griz,Male
10,Nil,Male
11,Abbott,Male
12,Wyatt,Male
13,Ellyn,Female
14,Tan,Male
15,Skipton,Male
16,Jolynn,Female
17,Case,Male
18,Rosette,Female
19,Jocelin,Female
20,Abba,Male
21,Nathanial,Male
22,Humfrey,Male
23,Kent,Male
24,Ferrell,Male
25,Davis,Agender
26,Astra,Female
27,Sula,Female
28,Faythe,Female
29,Davide,Male
30,Tish,Female
31,Regan,Male
32,Arch,Male
33,Kelci,Female
34,Laurella,Female
35,Pace,Male
36,Roy,Male
37,Miner,Male
38,Pavla,Female
39,Georgianne,Female
40,Zaccaria,Genderfluid
41,Nicky,Male
42,Brand,Agender
43,Pamella,Female
44,Lanae,Female
45,Tobe,Female
46,Orson,Male
47,Ermina,Female
48,Erie,Male
49,Ezekiel,Male
50,Moyna,Female
51,Hermione,Female
52,Carr,Male
53,Jenny,Female
54,Marlowe,Male
55,Trixy,Female
56,Dix,Female
57,Aleksandr,Male
58,Bobina,Female
59,Falkner,Male
60,Georgeanne,Female
61,Doy,Male
62,Deeann,Female
63,Jourdain,Male
64,Torie,Female
65,Brewer,Male
66,Lucretia,Female
67,Gayle,Genderqueer
68,Tristan,Male
69,Therese,Female
70,Kiri,Polygender
71,Annetta,Female
72,Giovanna,Female
73,Elinore,Female
74,Merissa,Female
75,Benni,Female
76,Leelah,Female
77,Rodger,Male
78,Jorry,Female
79,Phyllys,Bigender
80,Sofia,Female
81,Juan,Male
82,Libbi,Female
83,Ferd,Polygender
84,Teddy,Male
85,Opal,Female
86,Fidelio,Male
87,Teodor,Male
88,Pat,Male
89,Augustine,Female
90,Maritsa,Female
91,Alanna,Female
92,Theadora,Female
93,Dillon,Male
94,Bethena,Female
95,Hailee,Female
96,Maxie,Male
97,Dru,Female
98,Brucie,Male
99,Cathleen,Agender
100,Justinn,Female
